Date,Title,Distance,Time,Avg HR,Max HR,VO2max
1/5/2011 20:00,Odesa,6,0:35:00,156,182,51
1/6/2011 20:00,Odesa,6,0:32:00,159,175,51
1/7/2011 20:00,Odesa,6.01,0:32:00,159,181,49
1/10/2011 20:00,Odesa,5.22,0:26:00,160,182,49
1/11/2011 20:00,Odesa,5.22,0:26:00,156,183,49
1/13/2011 20:00,Odesa,5.22,0:25:00,157,186,49
1/14/2011 20:00,Odesa,5.22,0:26:00,170,183,49
1/15/2011 20:00,Odesa,5.22,0:26:00,164,182,49
1/16/2011 20:00,Odesa,10.7,0:55:00,165,186,49
1/18/2011 20:00,Odesa,7.32,0:36:00,147,161,49
1/29/2011 20:00,Odesa,7.32,0:40:00,159,177,48
1/31/2011 20:00,Odesa,5.22,0:27:00,155,175,48
2/1/2011 20:00,Odesa,8.48,0:45:00,158,170,48
2/3/2011 20:00,Odesa,8.48,0:46:00,141,155,48
2/4/2011 20:00,Odesa,8.48,0:47:00,139,155,48
2/5/2011 20:00,Odesa,2.9,0:15:00,137,164,48
2/6/2011 20:00,Odesa,16.43,1:27:00,164,193,48
2/8/2011 20:00,Odesa,8.48,0:42:00,140,165,48
2/18/2011 20:00,Odesa,8.48,0:47:00,142,153,48
2/19/2011 20:00,Odesa,8.48,0:46:00,141,160,48
2/21/2011 20:00,Odesa,10.7,0:57:00,147,156,48
2/23/2011 20:00,Odesa,8.48,0:41:00,141,160,48
2/24/2011 20:00,Odesa,8.48,0:44:00,146,163,48
2/25/2011 20:00,Odesa,8.48,0:44:00,157,197,48
2/27/2011 20:00,Odesa,15.19,1:20:00,141,160,48
2/28/2011 20:00,Odesa,8.39,0:43:00,142,159,50
3/2/2011 20:00,Odesa,10.89,0:58:00,139,151,50
3/4/2011 20:00,Odesa,5.09,0:26:00,139,150,50
3/8/2011 20:00,Odesa,10.89,0:59:00,140,149,50
3/9/2011 20:00,Odesa,10.89,0:59:00,149,165,50
3/10/2011 20:00,Odesa,10.89,0:55:00,139,157,48
3/11/2011 20:00,Odesa,10.89,0:56:00,146,177,48
3/12/2011 20:00,Odesa,16.79,1:25:00,163,185,48
3/13/2011 20:00,Odesa,10.89,0:57:00,141,153,47
3/15/2011 20:00,Odesa,15.19,1:21:00,139,151,47
3/19/2011 20:00,Odesa,10.89,0:56:00,139,150,47
3/20/2011 20:00,Odesa,23.27,2:06:00,148,164,46
3/21/2011 20:00,Odesa,8.39,0:47:00,152,164,46
3/22/2011 20:00,Odesa,10.89,0:56:00,163,182,46
3/23/2011 20:00,Odesa,20.75,1:53:00,151,171,45
3/24/2011 20:00,Odesa,10.89,0:55:00,149,173,45
3/25/2011 20:00,Odesa,10.89,0:54:00,141,154,45
3/27/2011 20:00,Odesa,30.3,2:44:00,139,151,45
3/29/2011 20:00,Odesa,10.89,0:55:00,138,157,45
3/30/2011 20:00,Odesa,15.19,1:15:00,140,160,45
3/31/2011 20:00,Odesa,11.67,1:05:00,148,164,46
4/2/2011 20:00,Odesa,21.1,1:40:00,141,153,46
4/3/2011 20:00,Odesa,12.23,1:10:00,152,169,47
4/5/2011 20:00,Odesa,10.89,0:52:00,143,154,47
4/6/2011 20:00,Odesa,20.3,1:46:00,178,204,47
4/9/2011 10:00,Odesa Ultra Marathon,100,10:59:00,141,152,46
4/20/2011 20:00,Odesa,10.89,0:58:00,153,166,46
4/22/2011 20:00,Odesa,11.29,0:55:00,144,188,46
4/25/2011 20:00,Odesa,22.57,2:04:00,143,151,46
4/28/2011 20:00,Odesa,12,1:15:00,180,191,46
4/30/2011 20:00,Odesa,12,1:15:00,148,177,46
5/8/2011 20:00,Odesa,12,1:15:00,141,159,47
5/11/2011 20:00,Odesa,10.89,0:50:00,163,180,47
5/13/2011 20:00,Odesa,10.89,0:55:00,141,151,47
5/17/2011 20:00,Odesa,10.89,0:49:00,144,166,47
5/18/2011 20:00,Odesa,2,0:12:00,171,189,47
5/20/2011 20:00,Odesa,2,0:12:00,147,164,47
6/21/2011 20:00,Odesa,10.89,0:57:00,143,157,47
6/23/2011 20:00,Odesa,10.89,0:57:00,142,160,47
6/25/2011 20:00,Odesa,10.89,0:56:00,143,153,47
6/27/2011 20:00,Odesa,10.89,0:53:00,142,161,47
6/29/2011 20:00,Odesa,10.89,0:54:00,142,159,47
7/28/2011 20:00,Odesa,5.23,0:25:00,143,160,47
7/31/2011 20:00,Odesa,5.23,0:25:00,142,154,47
8/1/2011 20:00,Odesa,5.23,0:25:00,144,155,47
8/4/2011 20:00,Odesa,10.89,0:55:00,159,189,46
9/13/2011 20:00,Odesa,6,0:35:00,176,203,46
9/15/2011 20:00,Odesa,6,0:35:00,159,173,46
9/17/2011 20:00,Odesa,6,0:35:00,153,168,46
9/22/2011 20:00,Odesa,6,0:35:00,159,171,45
9/27/2011 20:00,Odesa,10,0:55:00,162,173,45
10/2/2011 20:00,Odesa,10.45,0:53:00,163,175,45
10/4/2011 20:00,Odesa,10.45,0:49:00,143,154,45
10/6/2011 20:00,Odesa,10.45,0:56:00,156,174,46
11/2/2011 20:00,Odesa,10.79,0:58:00,159,175,46
11/5/2011 20:00,Odesa,10.79,0:59:00,143,155,46
11/8/2011 20:00,Odesa,10.79,1:00:30,148,156,46
11/9/2011 20:00,Odesa,10.79,0:56:40,179,197,46
11/12/2011 20:00,Odesa,10.79,0:57:00,167,191,46
11/13/2011 20:00,Odesa,10.79,1:01:00,157,183,47
12/28/2011 20:00,Odesa,5.23,0:26:00,144,158,47
12/30/2011 20:00,Odesa,10.79,0:59:00,146,158,47
1/4/2012 20:00,Odesa,5.23,0:26:00,174,188,47
1/5/2012 20:00,Odesa,10.79,0:58:00,163,174,47
1/7/2012 20:00,Odesa,10.79,0:57:00,135,141,47
1/9/2012 20:00,Odesa,10.79,0:57:00,150,169,49
1/10/2012 20:00,Odesa,10.79,0:56:00,139,153,49
1/11/2012 20:00,Odesa,5.23,0:26:00,143,159,49
1/13/2012 20:00,Odesa,15.18,1:27:00,138,158,49
1/15/2012 20:00,Odesa,10.79,1:12:00,145,161,49
1/18/2012 20:00,Odesa,10.79,1:12:00,137,150,49
1/20/2012 20:00,Odesa,11.64,1:11:23,157,169,49
2/22/2012 20:00,Odesa,5.23,0:31:23,152,166,52
2/29/2012 20:00,Odesa,5.23,0:31:23,143,156,52
3/2/2012 20:00,Odesa,10.79,1:04:44,162,191,52
3/4/2012 20:00,Odesa,10.79,1:04:44,147,157,52
3/7/2012 20:00,Odesa,10.79,1:04:44,146,157,52
3/11/2012 20:00,Odesa,5.23,0:31:23,140,155,52
3/13/2012 20:00,Odesa,11.21,1:07:16,168,184,49
3/15/2012 20:00,Odesa,10.79,1:04:44,165,188,50
3/17/2012 20:00,Odesa,6.9,0:41:24,150,171,52
3/23/2012 20:00,Odesa,7.37,0:44:13,151,166,52
3/25/2012 20:00,Odesa,10.79,1:04:44,141,159,52
4/12/2012 20:00,Odesa,5.23,0:31:23,151,165,52
4/14/2012 20:00,Odesa,5.23,0:31:23,151,161,52
4/19/2012 20:00,Odesa,5.23,0:31:23,149,167,51
4/20/2012 20:00,Odesa,5.23,0:31:23,154,169,51
4/21/2012 20:00,Odesa,5.23,0:31:23,140,152,51
4/22/2012 20:00,Odesa,5.23,0:31:23,159,176,51
4/24/2012 20:00,Odesa,5.23,0:31:23,157,179,51
4/26/2012 20:00,Odesa,5.23,0:31:23,149,168,51
4/28/2012 20:00,Odesa,5.23,0:31:23,144,163,51
4/29/2012 20:00,Odesa,5.23,0:31:23,143,156,51
4/30/2012 20:00,Odesa,5.23,0:31:23,140,155,51
5/1/2012 20:00,Odesa,6.62,0:39:43,160,181,51
5/2/2012 20:00,Odesa,7.95,0:47:42,150,174,50
5/5/2012 20:00,Odesa,7.95,0:47:42,143,164,50
5/6/2012 20:00,Odesa,7.95,0:47:42,161,179,50
5/9/2012 20:00,Odesa,7.95,0:47:42,154,166,49
5/11/2012 20:00,Odesa,7.95,0:47:42,159,180,49
5/12/2012 20:00,Odesa,7.95,0:47:42,142,161,49
5/14/2012 20:00,Odesa,7.37,0:44:13,158,183,49
5/15/2012 20:00,Odesa,7.95,0:47:42,162,184,51
5/16/2012 20:00,Odesa,5.23,0:31:23,140,161,51
5/18/2012 20:00,Odesa,10.88,1:05:17,145,169,51
5/23/2012 20:00,Odesa,5.23,0:31:23,137,158,51
5/24/2012 20:00,Odesa,8.03,0:48:11,159,168,51
5/25/2012 20:00,Odesa,8.7,0:52:12,152,166,51
5/27/2012 20:00,Odesa,10.79,1:04:44,152,178,51
5/29/2012 20:00,Odesa,7.37,0:44:13,150,167,51
5/30/2012 20:00,Odesa,7.37,0:44:13,150,167,50
5/31/2012 20:00,Odesa,7.37,0:44:13,162,180,50
6/10/2012 20:00,Odesa,10.79,1:04:44,157,181,50
6/12/2012 20:00,Odesa,10.79,1:04:44,155,175,50
6/14/2012 20:00,Odesa,11.21,1:07:16,161,177,49
6/15/2012 20:00,Odesa,10.88,1:05:17,140,153,49
6/16/2012 20:00,Odesa,7.42,0:44:31,158,178,48
6/18/2012 20:00,Odesa,10.88,1:05:17,156,175,48
6/19/2012 20:00,Odesa,10.88,1:05:17,167,182,48
6/26/2012 20:00,Turkmenistan,11.2,1:07:12,172,186,48
6/30/2012 20:00,Turkmenistan,11.2,1:07:12,152,175,48
7/3/2012 20:00,Turkmenistan,11.2,1:07:12,152,167,48
7/6/2012 20:00,Turkmenistan,11.2,1:07:12,136,149,48
7/7/2012 20:00,Turkmenistan,11.1,1:06:36,135,151,48
7/10/2012 20:00,Turkmenistan,11.2,1:07:12,155,184,48
7/12/2012 20:00,Turkmenistan,11.2,1:07:12,149,175,48
7/14/2012 20:00,Turkmenistan,11.2,1:07:12,149,167,48
7/31/2012 20:00,Turkmenistan,11.4,1:08:24,175,194,48
8/2/2012 20:00,Turkmenistan,11.2,1:07:12,158,178,48
8/4/2012 20:00,Turkmenistan,11.2,1:07:12,152,175,48
8/5/2012 20:00,Turkmenistan,11.2,1:07:12,143,163,48
8/7/2012 20:00,Turkmenistan,11.2,1:07:12,134,149,48
8/9/2012 20:00,Turkmenistan,11.2,1:07:12,137,174,48
8/11/2012 20:00,Turkmenistan,11.2,1:07:12,145,156,48
8/25/2012 20:00,Turkmenistan,11.2,1:07:12,151,184,48
8/26/2012 20:00,Turkmenistan,11.2,1:07:12,148,163,49
8/28/2012 20:00,Turkmenistan,11.2,1:07:12,148,169,49
8/30/2012 20:00,Turkmenistan,11.2,1:07:12,155,180,49
9/1/2012 20:00,Turkmenistan,11.7,1:10:12,139,156,49
9/5/2012 20:00,Turkmenistan,11.4,1:08:24,150,162,48
9/6/2012 20:00,Turkmenistan,11.7,1:10:12,138,154,48
9/8/2012 20:00,Turkmenistan,15,1:30:00,148,165,48
9/9/2012 20:00,Turkmenistan,3,0:18:00,137,150,48
9/13/2012 20:00,Turkmenistan,11.2,1:07:12,154,165,49
10/4/2012 20:00,Turkmenistan,11.2,1:07:12,156,182,49
10/6/2012 20:00,Turkmenistan,11.2,1:07:12,147,165,49
10/7/2012 20:00,Turkmenistan,15,1:30:00,162,179,49
10/9/2012 20:00,Turkmenistan,11.2,1:07:12,143,155,51
10/12/2012 20:00,Turkmenistan,11.2,1:07:12,148,172,51
10/20/2012 20:00,Turkmenistan,15,1:30:00,156,177,51
10/21/2012 20:00,Turkmenistan,11.2,1:07:12,144,169,51
10/23/2012 20:00,Turkmenistan,11.2,1:07:12,159,178,51
10/24/2012 20:00,Turkmenistan,15,1:30:00,149,175,51
10/26/2012 20:00,Turkmenistan,11.2,1:07:12,134,149,51
10/27/2012 20:00,Turkmenistan,4,0:24:00,155,176,51
10/28/2012 20:00,Turkmenistan,16.89,1:41:20,141,160,51
10/31/2012 20:00,Turkmenistan,16.89,1:41:20,142,173,51
11/3/2012 20:00,Turkmenistan,16.89,1:41:20,167,190,51
11/4/2012 20:00,Turkmenistan,16.89,1:41:20,154,176,51
11/17/2012 20:00,Turkmenistan,11.2,1:07:12,149,167,50
11/20/2012 20:00,Turkmenistan,16.89,1:41:20,162,190,50
11/22/2012 20:00,Turkmenistan,16.89,1:41:20,143,164,50
11/25/2012 20:00,Turkmenistan,16.89,1:41:20,141,166,50
11/28/2012 20:00,Turkmenistan,16.89,1:41:20,138,167,51
11/30/2012 20:00,Turkmenistan,16.89,1:41:20,146,163,51
12/2/2012 20:00,Turkmenistan,4,0:24:00,134,150,51
12/7/2012 20:00,Turkmenistan,16.89,1:41:20,148,182,51
12/8/2012 20:00,Turkmenistan,16.89,1:41:20,160,183,51
12/11/2012 20:00,Turkmenistan,16.89,1:41:20,156,179,51
1/13/2013 20:00,Turkmenistan,6.5,0:38:00,147,169,54
1/26/2013 20:00,Turkmenistan,16.89,1:40:00,157,172,54
1/29/2013 20:00,Turkmenistan,16.89,1:40:00,137,152,54
2/4/2013 20:00,Turkmenistan,10.7,1:00:00,140,172,54
2/8/2013 20:00,Turkmenistan,10.7,1:00:00,131,153,54
2/10/2013 20:00,Turkmenistan,16.89,1:35:00,143,164,54
2/12/2013 20:00,Turkmenistan,16.89,1:35:00,129,159,52
2/26/2013 20:00,Turkmenistan,5.2,0:27:48,140,173,52
2/27/2013 11:24,Turkmenistan,7.3,0:37:52,153,176,52
3/12/2013 19:29,Turkmenistan,10.68,0:54:59,139,154,52
3/14/2013 19:28,Turkmenistan,10.64,0:57:46,160,182,52
3/17/2013 18:46,Turkmenistan,10.62,0:55:35,139,156,53
3/19/2013 19:27,Turkmenistan,10.67,1:03:01,140,161,53
3/21/2013 18:52,Turkmenistan,10.63,1:01:08,154,177,53
3/23/2013 18:34,Turkmenistan,10.66,0:51:08,144,162,53
3/28/2013 19:28,Turkmenistan,10.65,0:57:32,172,194,53
3/31/2013 14:56,Turkmenistan,10.66,0:53:14,126,141,53
4/2/2013 19:43,Turkmenistan,16.89,1:34:16,131,158,53
4/4/2013 19:31,Turkmenistan,10.66,0:57:53,142,155,53
4/6/2013 18:32,Turkmenistan,10.59,0:52:45,169,194,53
4/7/2013 17:12,Turkmenistan,10.61,0:57:18,165,190,53
4/9/2013 19:28,Turkmenistan,17.22,1:42:33,143,165,53
4/11/2013 19:26,Turkmenistan,10.67,1:00:34,137,153,52
4/13/2013 19:01,Turkmenistan,10.62,0:54:21,160,190,52
4/16/2013 19:35,Turkmenistan,17.24,1:32:49,170,184,52
4/18/2013 19:35,Turkmenistan,10.65,0:58:04,147,160,52
4/19/2013 19:34,Turkmenistan,10.64,0:53:49,155,175,52
4/28/2013 19:02,Turkmenistan,10.65,0:57:30,137,147,52
5/2/2013 19:34,Turkmenistan,10.7,0:56:54,151,178,52
5/3/2013 19:33,Turkmenistan,10.64,0:59:58,152,162,51
5/4/2013 19:19,Turkmenistan,10.64,0:56:32,168,186,51
5/7/2013 20:11,Turkmenistan,17.23,1:39:24,144,167,51
5/9/2013 20:10,Turkmenistan,10.66,1:01:12,165,180,51
5/12/2013 18:00,Turkmenistan,17.45,1:34:04,158,170,50
5/14/2013 20:05,Turkmenistan,10.65,1:01:22,174,191,50
5/19/2013 19:09,Turkmenistan,14.52,1:20:44,153,165,50
5/22/2013 20:17,Turkmenistan,10.64,0:59:46,151,170,50
5/26/2013 5:47,Turkmenistan,20.98,3:19:35,148,173,50
5/29/2013 20:15,Turkmenistan,5.26,0:30:30,161,188,51
6/2/2013 18:36,Turkmenistan,3.1,0:16:44,144,156,51
6/4/2013 19:15,Turkmenistan,10.66,0:57:34,144,156,51
6/7/2013 19:56,Turkmenistan,10.65,1:01:06,141,159,51
6/9/2013 19:48,Turkmenistan,10.66,1:04:22,145,166,50
6/11/2013 19:42,Turkmenistan,10.68,0:57:59,153,173,50
6/16/2013 19:15,Turkmenistan,8.06,0:46:34,148,177,50
6/21/2013 19:47,Turkmenistan,10.68,1:02:53,168,197,50
6/24/2013 19:36,Turkmenistan,10.69,1:10:31,157,176,51
6/26/2013 19:49,Turkmenistan,11.05,1:04:38,133,150,51
6/27/2013 19:11,Turkmenistan,5.05,0:29:07,147,164,51
6/30/2013 19:30,Turkmenistan,10.74,1:02:01,145,162,50
7/2/2013 19:35,Turkmenistan,12.29,1:12:05,145,163,50
7/4/2013 19:28,Turkmenistan,5.09,0:27:01,164,183,50
7/5/2013 19:10,Turkmenistan,10.68,1:09:52,157,191,50
7/8/2013 19:17,Turkmenistan,14.4,1:25:21,166,183,50
7/10/2013 19:11,Turkmenistan,10.73,1:09:59,162,185,50
7/12/2013 19:30,Turkmenistan,15.13,1:28:44,156,174,50
7/14/2013 19:24,Turkmenistan,17.17,1:41:14,155,172,50
7/15/2013 19:36,Turkmenistan,10.68,1:09:35,138,154,49
7/18/2013 21:02,Turkmenistan,5.1,0:30:25,161,187,49
7/21/2013 19:50,Turkmenistan,10.68,1:02:44,133,182,49
7/23/2013 19:43,Turkmenistan,18.15,1:46:29,135,189,49
7/24/2013 19:40,Turkmenistan,12.33,1:20:27,140,155,49
7/25/2013 19:47,Turkmenistan,5.16,0:26:52,168,187,49
7/28/2013 19:28,Turkmenistan,3.01,0:17:00,144,157,51
7/29/2013 20:25,Turkmenistan,12.34,1:10:43,145,169,51
7/31/2013 19:51,Turkmenistan,6.18,0:36:20,141,154,51
8/4/2013 11:14,Turkmenistan,0.03,0:00:06,176,198,51
8/5/2013 19:30,Desert hot trail,20.24,1:58:38,147,166,51
8/6/2013 19:52,Turkmenistan,15.36,1:36:26,147,180,51
8/8/2013 19:30,Turkmenistan,0.89,0:05:04,163,183,51
8/8/2013 19:36,Turkmenistan,4.88,0:28:36,143,171,51
8/9/2013 19:36,Turkmenistan,15.34,1:26:08,147,161,51
8/25/2013 19:02,Turkmenistan,3.68,0:21:57,158,173,51
8/27/2013 19:27,Turkmenistan,10.71,1:03:33,151,177,50
8/30/2013 19:32,Turkmenistan,10.71,1:01:30,151,163,50
9/7/2013 18:39,Turkmenistan,12.29,1:11:08,156,174,50
9/9/2013 19:34,Turkmenistan,12.95,1:12:11,125,153,50
9/11/2013 19:40,Turkmenistan,12.37,1:09:19,152,164,50
10/23/2013 19:10,Turkmenistan,8.35,0:49:01,176,194,50
10/25/2013 19:10,Turkmenistan,8.67,0:49:53,126,145,50
10/27/2013 14:00,Turkmenistan,8.38,0:43:34,125,146,48
10/29/2013 18:59,Turkmenistan,0.1,0:00:32,157,178,48
10/31/2013 19:37,Turkmenistan,10.26,0:56:16,135,149,48
11/2/2013 18:12,Turkmenistan,11.17,1:00:43,154,168,48
11/5/2013 18:47,Turkmenistan,11.1,1:02:32,154,173,48
11/8/2013 18:34,Turkmenistan,11.1,0:55:43,130,158,48
11/11/2013 18:28,Turkmenistan,11.09,0:59:38,147,177,48
11/13/2013 18:32,Turkmenistan,11.11,1:01:39,163,187,48
11/15/2013 18:25,Turkmenistan,11.11,1:00:05,152,180,49
11/17/2013 11:17,Turkmenistan,11.01,0:58:18,146,161,49
11/21/2013 19:10,Turkmenistan,11.36,1:02:49,149,162,49
11/23/2013 17:32,Turkmenistan,5.44,0:31:43,146,157,49
11/24/2013 12:09,Turkmenistan,15.33,1:21:53,143,165,49
11/26/2013 18:32,Turkmenistan,11.13,1:02:14,168,189,49
11/28/2013 18:27,Turkmenistan,11.13,0:57:49,150,161,48
12/1/2013 16:01,Turkmenistan,15.48,1:25:03,169,186,47
12/8/2013 13:08,Turkmenistan,1.1,0:06:03,167,188,47
12/9/2013 18:27,Turkmenistan,15.36,1:25:59,141,160,48
12/11/2013 18:21,Turkmenistan,5.68,0:37:03,160,175,47
12/12/2013 18:22,Turkmenistan,15.43,1:27:27,147,160,47
12/15/2013 13:35,Turkmenistan,15.47,1:24:19,146,164,47
12/16/2013 18:28,Turkmenistan,6.25,0:39:44,147,165,47
12/18/2013 18:20,Turkmenistan,15.44,1:28:19,152,170,47
12/19/2013 18:18,Turkmenistan,6.65,0:42:47,169,186,47
12/21/2013 17:35,Turkmenistan,7.33,0:47:10,150,163,46
12/22/2013 14:49,Turkmenistan,17.57,1:38:33,154,179,46
12/25/2013 18:22,Turkmenistan,15.42,1:28:48,153,187,46
12/26/2013 18:46,Turkmenistan,7.5,0:48:27,157,172,46
12/28/2013 17:20,Turkmenistan,15.46,1:28:24,144,154,46
12/29/2013 18:17,Turkmenistan,6.19,0:40:08,160,175,46
12/31/2013 11:15,Turkmenistan,2.34,0:13:12,153,166,47
1/1/2014 12:18,Turkmenistan,10.13,0:55:11,148,161,47
1/10/2014 18:16,Turkmenistan,5.65,0:30:24,148,161,47
1/22/2014 18:34,N.Novgorod,5.61,0:34:10,148,166,47
2/7/2014 15:00,N.Novgorod,5.37,0:27:20,141,155,47
2/8/2014 11:07,N.Novgorod,7.51,0:40:26,154,175,47
2/10/2014 12:33,N.Novgorod,7.55,0:41:03,169,191,47
2/11/2014 12:51,N.Novgorod,10.79,0:57:16,149,171,46
2/12/2014 11:08,N.Novgorod,10.92,0:57:28,149,164,46
2/13/2014 14:24,N.Novgorod,11.37,1:02:24,149,164,46
2/15/2014 12:07,N.Novgorod,11.81,1:02:24,154,172,46
2/19/2014 15:14,N.Novgorod,10.86,0:58:33,170,184,45
2/20/2014 14:16,N.Novgorod,10.74,0:59:37,164,182,45
2/23/2014 14:10,N.Novgorod,3.4,0:18:07,158,194,45
3/1/2014 13:53,N.Novgorod,5.19,0:27:30,170,189,46
3/2/2014 13:39,N.Novgorod,10.8,0:56:21,151,161,46
3/3/2014 17:15,N.Novgorod,10.76,1:01:53,155,171,46
3/4/2014 11:16,N.Novgorod,10.75,0:57:05,157,170,46
3/5/2014 13:14,N.Novgorod,12.65,1:08:59,156,171,46
3/8/2014 12:49,N.Novgorod,12.76,1:10:24,163,178,46
3/9/2014 13:30,N.Novgorod,6.32,0:36:31,166,181,45
3/12/2014 20:55,N.Novgorod,12.78,1:09:59,157,175,45
3/13/2014 20:47,N.Novgorod,6.7,0:39:14,167,181,45
3/15/2014 15:28,N.Novgorod,11.92,1:04:16,144,159,45
3/16/2014 11:00,N.Novgorod,9.09,0:50:43,139,149,45
3/18/2014 16:48,N.Novgorod,12.5,1:04:46,152,163,45
3/22/2014 14:55,N.Novgorod,12.68,1:08:11,156,182,51
3/25/2014 20:51,N.Novgorod,13.18,1:11:26,159,175,51
3/27/2014 20:54,N.Novgorod,13.03,1:10:47,159,181,49
3/29/2014 19:13,N.Novgorod,13.14,1:09:30,160,182,49
4/1/2014 20:54,N.Novgorod,13.32,1:12:03,156,183,49
4/3/2014 20:57,N.Novgorod,13.27,1:11:41,157,186,49
4/5/2014 19:00,N.Novgorod,13.56,1:15:38,170,183,49
4/6/2014 13:33,N.Novgorod,6.34,0:39:14,164,182,49
4/9/2014 21:05,N.Novgorod,13.23,1:09:13,165,186,49
4/12/2014 18:51,N.Novgorod,14.57,1:18:03,147,161,49
4/13/2014 13:12,N.Novgorod,13.6,1:12:36,159,177,48
4/14/2014 20:48,N.Novgorod,10.34,1:00:51,155,175,48
4/16/2014 20:57,N.Novgorod,11.75,0:56:45,158,170,48
4/19/2014 19:19,N.Novgorod,6.73,0:35:18,141,155,48
4/20/2014 11:57,N.Novgorod,15.63,1:24:13,139,155,48
4/21/2014 20:53,N.Novgorod,11.32,1:06:44,137,164,48
4/23/2014 20:58,N.Novgorod,13.16,1:04:10,164,193,48
4/26/2014 19:00,N.Novgorod,9.63,0:50:07,140,165,48
4/27/2014 13:21,N.Novgorod,17.49,1:34:29,142,153,48
4/28/2014 20:52,N.Novgorod,11.42,1:07:38,141,160,48
4/30/2014 20:51,N.Novgorod,13.13,1:03:22,147,156,48
5/4/2014 12:23,N.Novgorod,5.54,0:31:04,141,160,48
5/8/2014 16:56,N.Novgorod,5.17,0:24:32,146,163,48
5/10/2014 19:16,N.Novgorod,0.18,0:00:53,157,197,48
5/10/2014 19:18,N.Novgorod,10.82,0:54:32,141,160,48
5/11/2014 8:56,N.Novgorod,19.32,1:44:22,142,159,50
5/12/2014 16:55,N.Novgorod,11.53,1:08:36,139,151,50
5/14/2014 16:54,N.Novgorod,13.14,1:02:48,139,150,50
5/24/2014 11:14,N.Novgorod,10.69,0:51:39,140,149,50
5/28/2014 10:03,N.Novgorod,10.51,0:55:13,149,165,50
6/8/2014 15:31,N.Novgorod,10.62,1:02:13,139,157,48
6/9/2014 21:00,N.Novgorod,6.86,0:38:02,146,177,48
6/11/2014 20:55,N.Novgorod,10.8,0:52:51,163,185,48
6/12/2014 19:05,N.Novgorod,6.51,0:37:46,141,153,47
6/13/2014 18:57,N.Novgorod,11.31,1:00:10,139,151,47
6/15/2014 11:13,N.Novgorod,15.54,1:25:01,139,150,47
6/16/2014 22:00,N.Novgorod,10.33,1:00:25,148,164,46
6/18/2014 20:52,N.Novgorod,15.15,1:13:25,152,164,46
6/19/2014 20:51,N.Novgorod,10.69,1:03:10,163,182,46
6/20/2014 20:57,N.Novgorod,10.5,0:54:26,151,171,45
6/21/2014 19:07,N.Novgorod,5.24,0:30:18,149,173,45
6/22/2014 11:46,N.Novgorod,21.51,1:53:59,141,154,45
6/23/2014 20:50,N.Novgorod,12.51,1:11:18,139,151,45
6/25/2014 20:58,N.Novgorod,15.12,1:08:31,138,157,45
6/28/2014 19:04,N.Novgorod,23.72,2:05:41,140,160,45
6/30/2014 20:55,N.Novgorod,20.28,1:49:35,148,164,46
7/1/2014 21:01,N.Novgorod,10.06,0:58:51,141,153,46
7/3/2014 20:56,N.Novgorod,10.32,0:46:17,152,169,47
7/4/2014 21:00,N.Novgorod,10.62,1:01:18,143,154,47
7/5/2014 19:35,N.Novgorod,10.72,0:55:15,178,204,47
7/6/2014 16:04,N.Novgorod,20.85,1:53:01,141,152,46
7/7/2014 21:01,N.Novgorod,10.53,0:59:26,153,166,46
7/9/2014 21:03,N.Novgorod,15.4,1:20:02,144,188,46
7/10/2014 21:03,N.Novgorod,15.68,1:24:37,143,151,46
7/11/2014 21:05,N.Novgorod,10.86,1:01:42,180,191,46
7/13/2014 18:19,N.Novgorod,21.12,1:44:29,148,177,46
7/14/2014 21:06,N.Novgorod,10.7,1:01:01,141,159,47
7/16/2014 21:03,N.Novgorod,21.11,1:48:44,163,180,47
7/17/2014 21:25,N.Novgorod,5.64,0:33:06,141,151,47
7/20/2014 9:12,N.Novgorod Marathon,42.2,3:43:01,144,166,47
7/23/2014 19:07,N.Novgorod,5.68,0:32:22,171,189,47
8/6/2014 19:07,N.Novgorod,10.35,0:50:27,147,164,47
8/9/2014 19:06,N.Novgorod,10.37,0:50:06,143,157,47
8/13/2014 19:07,N.Novgorod,10.36,0:50:45,142,160,47
8/16/2014 18:57,N.Novgorod,10.36,0:50:27,143,153,47
8/19/2014 19:03,N.Novgorod,10.36,0:49:49,142,161,47
8/23/2014 19:03,N.Novgorod,7.11,0:36:25,142,159,47
8/26/2014 19:11,N.Novgorod,10.36,0:49:01,143,160,47
8/30/2014 19:33,N.Novgorod,10.36,0:50:48,142,154,47
9/1/2014 18:59,N.Novgorod,10.66,0:57:38,144,155,47
9/3/2014 10:13,N.Novgorod,10.56,0:56:00,159,189,46
9/19/2014 13:51,N.Novgorod,5.39,0:30:30,176,203,46
9/21/2014 18:44,N.Novgorod,10.7,0:57:49,159,173,46
9/25/2014 18:53,N.Novgorod,10.49,0:58:11,153,168,46
10/1/2014 19:13,N.Novgorod,10.1,0:53:30,159,171,45
10/4/2014 18:57,N.Novgorod,10.1,0:52:35,162,173,45
10/5/2014 16:07,N.Novgorod,10.77,0:58:05,163,175,45
10/7/2014 19:00,N.Novgorod,10.1,0:50:38,143,154,45
10/10/2014 18:00,N.Novgorod,10.1,0:52:18,156,174,46
10/12/2014 15:07,N.Novgorod,10.73,0:53:38,159,175,46
10/14/2014 18:56,N.Novgorod,10.11,0:52:45,143,155,46
10/16/2014 19:04,N.Novgorod,10.15,0:53:48,148,156,46
10/18/2014 19:28,N.Novgorod,10.1,0:55:37,179,197,46
10/19/2014 15:14,N.Novgorod,5.65,0:30:20,167,191,46
10/22/2014 19:01,N.Novgorod,10.17,0:53:00,157,183,47
10/24/2014 17:48,N.Novgorod,10.11,0:52:02,144,158,47
10/26/2014 13:58,N.Novgorod,11.92,1:03:45,146,158,47
10/28/2014 20:02,N.Novgorod,10.51,0:54:14,174,188,47
10/30/2014 19:55,N.Novgorod,10.89,0:57:48,163,174,47
11/1/2014 20:05,N.Novgorod,10.43,0:54:56,135,141,47
11/2/2014 13:06,N.Novgorod,10.81,1:01:28,150,169,49
11/4/2014 19:55,N.Novgorod,10.42,0:55:17,139,153,49
11/6/2014 19:55,N.Novgorod,12.94,1:07:20,143,159,49
11/9/2014 16:25,N.Novgorod,12.31,1:09:41,138,158,49
11/23/2014 15:00,N.Novgorod,10.86,1:00:51,145,161,49
11/25/2014 20:02,N.Novgorod,10.46,0:56:31,137,150,49
11/27/2014 19:55,N.Novgorod,10.51,0:55:18,157,169,49
11/30/2014 12:59,N.Novgorod,12.53,1:07:41,152,166,52
12/1/2014 20:10,N.Novgorod,10.45,0:58:20,143,156,52
12/4/2014 19:58,N.Novgorod,12.92,1:10:52,162,191,52
12/6/2014 20:08,N.Novgorod,10.39,0:59:04,147,157,52
12/7/2014 15:07,N.Novgorod,12.38,1:10:08,146,157,52
12/9/2014 20:01,N.Novgorod,12.9,1:11:49,140,155,52
12/11/2014 19:57,N.Novgorod,12.88,1:10:31,168,184,49
12/14/2014 12:53,N.Novgorod,12.9,1:08:29,165,188,50
12/16/2014 19:58,N.Novgorod,12.9,1:09:11,150,171,52
12/18/2014 20:06,N.Novgorod,12.88,1:14:50,151,166,52
12/21/2014 14:01,N.Novgorod,15.51,1:24:47,141,159,52
12/23/2014 20:27,N.Novgorod,5.17,0:30:34,151,165,52
12/24/2014 20:24,N.Novgorod,12.59,1:10:45,151,161,52
12/25/2014 20:22,N.Novgorod,12.82,1:12:28,149,167,51
12/28/2014 14:55,N.Novgorod,11.76,1:02:34,154,169,51
12/29/2014 14:43,N.Novgorod,6.11,0:34:59,140,152,51
1/15/2015 10:34,Odesa,5.48,0:28:35,159,176,51
1/16/2015 11:04,Odesa,8.34,0:44:12,157,179,51
1/17/2015 12:51,Odesa,8.79,0:47:55,149,168,51
1/18/2015 15:58,Odesa,9.04,0:46:37,144,163,51
1/21/2015 16:28,Odesa,6.38,0:35:56,143,156,51
1/22/2015 11:46,Odesa,10.36,0:53:38,140,155,51
4/14/2015 8:25,Odesa,2.12,0:13:23,160,181,51
4/16/2015 8:34,Odesa,2.4,0:14:27,150,174,50
4/19/2015 9:50,Odesa,2.17,0:13:01,143,164,50
4/21/2015 8:30,Odesa,1.99,0:13:33,161,179,50
4/23/2015 8:21,Odesa,2.03,0:14:01,154,166,49
4/25/2015 9:38,Odesa,2.18,0:13:37,159,180,49
4/27/2015 8:21,Odesa,2.23,0:14:00,142,161,49
4/29/2015 20:04,Togliatti,2.22,0:13:59,158,183,49
5/1/2015 19:00,Togliatti,2.22,0:13:11,162,184,51
5/2/2015 15:24,Togliatti,2.22,0:13:12,140,161,51
5/3/2015 12:52,Togliatti,2.23,0:13:12,145,169,51
5/4/2015 19:03,Togliatti,2.22,0:13:09,137,158,51
5/5/2015 19:05,Togliatti,2.22,0:12:31,159,168,51
5/6/2015 19:38,Togliatti,2.25,0:12:01,152,166,51
5/7/2015 19:09,Togliatti,2.23,0:11:37,152,178,51
5/8/2015 19:08,Togliatti,2.25,0:11:38,150,167,51
5/9/2015 16:08,Togliatti,2.22,0:11:08,150,167,50
5/10/2015 12:12,Togliatti,2.27,0:10:35,162,180,50
5/11/2015 19:02,Togliatti,2.3,0:11:13,157,181,50
5/12/2015 18:59,Togliatti,2.3,0:11:05,155,175,50
5/13/2015 19:01,Togliatti,2.32,0:11:18,161,177,49
5/14/2015 19:10,Togliatti,2.28,0:11:21,140,153,49
5/15/2015 18:58,Togliatti,2.27,0:11:14,158,178,48
5/16/2015 16:50,Togliatti,2.31,0:11:12,156,175,48
5/17/2015 14:08,Togliatti,2.4,0:11:27,167,182,48
5/19/2015 19:01,Togliatti,4.05,0:22:50,172,186,48
5/21/2015 19:00,Togliatti,4.03,0:22:09,152,175,48
5/23/2015 16:38,Togliatti,4.08,0:22:48,152,167,48
5/24/2015 13:20,Togliatti,4.04,0:22:50,136,149,48
5/26/2015 19:08,Togliatti,4.05,0:22:19,135,151,48
5/28/2015 19:21,Togliatti,4.07,0:22:39,155,184,48
5/30/2015 16:27,Togliatti,4.09,0:22:41,149,175,48
5/31/2015 12:35,Togliatti,4.05,0:22:12,149,167,48
6/1/2015 19:03,Togliatti,4.12,0:23:03,175,194,48
6/2/2015 19:09,Togliatti,4.12,0:22:59,158,178,48
6/3/2015 19:04,Togliatti,4.12,0:22:45,152,175,48
6/4/2015 19:09,Togliatti,4.13,0:23:12,143,163,48
6/5/2015 19:01,Togliatti,8.2,0:47:41,134,149,48
6/6/2015 18:22,Togliatti,8.41,0:48:55,137,174,48
6/7/2015 13:09,Togliatti,8.56,0:49:45,145,156,48
6/10/2015 19:10,Togliatti,8.57,0:41:16,151,184,48
6/13/2015 19:02,Togliatti,8.56,0:50:08,148,163,49
6/14/2015 13:42,Togliatti,8.56,0:49:59,148,169,49
6/17/2015 19:56,Togliatti,8.57,0:41:56,155,180,49
6/20/2015 19:47,Togliatti,8.57,0:47:14,139,156,49
6/21/2015 19:53,Togliatti,8.58,0:46:10,150,162,48
6/23/2015 20:00,Togliatti,8.56,0:50:17,138,154,48
6/26/2015 20:14,Togliatti,8.57,0:46:07,148,165,48
6/27/2015 17:42,Togliatti,8.56,0:50:31,137,150,48
7/5/2015 19:23,Togliatti,10.66,1:02:19,154,165,49
7/6/2015 20:46,Togliatti,10.67,0:56:43,156,182,49
7/7/2015 19:15,Togliatti,10.67,1:02:59,147,165,49
7/8/2015 18:59,Togliatti,10.67,1:02:04,162,179,49
7/9/2015 20:57,Togliatti,10.69,1:03:06,143,155,51
7/11/2015 19:44,Togliatti,10.67,1:03:00,148,172,51
7/12/2015 14:39,Togliatti,10.72,1:02:41,156,177,51
7/14/2015 19:09,Togliatti,10.71,1:02:12,144,169,51
7/16/2015 19:11,Togliatti,11.02,0:56:31,159,178,51
7/18/2015 16:21,Togliatti,10.74,1:01:00,149,175,51
7/20/2015 20:42,Togliatti,10.72,1:02:12,134,149,51
7/22/2015 19:08,Togliatti,16.12,1:33:15,155,176,51
7/26/2015 10:13,Togliatti,10.73,1:08:04,141,160,51
7/28/2015 19:07,Togliatti,10.71,1:03:34,142,173,51
7/30/2015 19:12,Togliatti,10.72,1:01:43,167,190,51
8/1/2015 19:10,Togliatti,10.71,1:00:23,154,176,51
8/2/2015 13:01,Togliatti,10.72,1:03:08,149,167,50
8/9/2015 13:26,Togliatti,6.11,0:37:07,162,190,50
8/16/2015 9:44,Togliatti,10.31,1:06:55,143,164,50
8/19/2015 19:14,Odesa,10.72,1:09:13,141,166,50
8/22/2015 17:02,Togliatti,10.72,1:00:19,138,167,51
8/24/2015 19:08,Togliatti,10.71,0:57:25,146,163,51
8/26/2015 19:25,Togliatti,10.71,1:03:03,134,150,51
8/29/2015 19:12,Togliatti,10.72,1:00:10,148,182,51
8/31/2015 19:10,Togliatti,10.71,0:57:31,160,183,51
9/2/2015 19:36,Togliatti,10.83,1:04:38,156,179,51
9/6/2015 12:41,Togliatti,10.73,0:59:05,147,169,54
9/15/2015 15:27,Odesa,7.33,0:41:35,157,172,54
9/16/2015 16:07,Odesa,11.11,1:02:28,137,152,54
9/17/2015 13:02,Odesa,11.11,1:05:39,140,172,54
9/19/2015 11:02,Odesa,7.8,0:39:56,131,153,54
9/20/2015 13:00,Odesa,10.71,1:02:14,143,164,54
9/21/2015 10:35,Odesa,10.88,1:02:52,129,159,52
9/22/2015 14:49,Odesa,11.34,1:06:05,140,173,52
9/23/2015 14:00,Odesa,10.92,1:03:53,153,176,52
9/24/2015 15:13,Odesa,10.86,1:02:55,139,154,52
9/25/2015 14:17,Odesa,10.83,1:03:32,160,182,52
9/26/2015 16:52,Odesa,8.18,0:44:20,139,156,53
9/30/2015 19:04,Togliatti,10.31,0:55:26,140,161,53
10/2/2015 19:17,Togliatti,12.11,1:11:38,154,177,53
10/4/2015 13:13,Togliatti,10.73,0:57:12,144,162,53
10/5/2015 20:11,Togliatti,11.35,1:07:14,172,194,53
10/7/2015 19:44,Togliatti,11.28,0:58:36,126,141,53
10/9/2015 19:27,Togliatti,11.41,1:07:04,131,158,53
10/10/2015 18:11,Togliatti,11.37,1:07:04,142,155,53
10/11/2015 13:20,Togliatti,11.41,1:06:35,169,194,53
10/12/2015 20:34,Togliatti,11.39,1:06:29,165,190,53
10/14/2015 19:15,Togliatti,11.38,1:00:49,143,165,53
10/16/2015 21:04,Togliatti,11.36,1:06:59,137,153,52
10/18/2015 13:01,Togliatti,15.54,1:30:33,160,190,52
10/20/2015 19:16,Togliatti,13.64,1:20:06,170,184,52
11/6/2015 19:27,Togliatti,7.08,0:39:46,147,160,52
11/11/2015 20:16,Togliatti,7.01,0:38:49,155,175,52
11/13/2015 19:47,Togliatti,8.76,0:53:12,137,147,52
11/15/2015 15:41,Togliatti,11.25,1:04:17,151,178,52
11/16/2015 19:23,Togliatti,11.21,1:05:45,152,162,51
11/17/2015 19:22,Togliatti,6.82,0:35:54,168,186,51
11/20/2015 19:29,Togliatti,11.18,1:06:04,144,167,51
11/21/2015 17:26,Togliatti,11.4,1:06:50,165,180,51
11/22/2015 17:22,Togliatti,11.37,1:06:11,158,170,50
11/23/2015 19:21,Togliatti,13.55,1:20:36,174,191,50
11/25/2015 19:16,Togliatti,13.59,1:20:12,153,165,50
11/26/2015 19:41,Togliatti,11.58,1:10:39,151,170,50
11/27/2015 19:20,Togliatti,11.52,1:08:01,148,173,50
11/29/2015 14:57,Togliatti,13.46,1:18:02,161,188,51
11/30/2015 19:44,Togliatti,11.29,1:07:11,144,156,51
12/3/2015 19:18,Togliatti,13.43,1:19:14,144,156,51
12/4/2015 19:39,Togliatti,11.35,1:06:01,141,159,51
12/6/2015 15:07,Togliatti,15.63,1:31:56,145,166,50
12/7/2015 19:16,Togliatti,11.51,1:07:36,153,173,50
12/8/2015 19:18,Togliatti,11.41,1:04:22,148,177,50
12/10/2015 19:27,Togliatti,11.26,1:04:01,168,197,50
12/11/2015 19:17,Togliatti,11.28,1:04:29,157,176,51
12/14/2015 19:16,Togliatti,15.41,1:30:59,133,150,51
12/16/2015 19:21,Togliatti,15.45,1:31:14,147,164,51
12/18/2015 19:40,Togliatti,15.42,1:31:53,145,162,50
12/19/2015 16:43,Togliatti,13.89,1:21:07,145,163,50
12/20/2015 11:22,Togliatti,15.55,1:30:13,164,183,50
12/21/2015 19:28,Togliatti,15.53,1:32:02,157,191,50
12/23/2015 19:36,Togliatti,15.58,1:32:31,166,183,50
12/25/2015 19:34,Togliatti,13.45,1:19:15,162,185,50
12/27/2015 13:11,Togliatti,22.12,2:05:36,156,174,50
12/28/2015 19:29,Togliatti,11.18,1:13:30,155,172,50
12/29/2015 19:49,Togliatti,11.62,1:07:56,138,154,49
1/1/2016 12:09,Togliatti,22.11,2:05:04,161,187,49
1/3/2016 13:27,Togliatti,22.24,2:09:26,133,182,49
1/4/2016 19:04,Togliatti,11.33,1:07:36,135,189,49
1/11/2016 13:23,Odesa,15.89,1:29:05,140,155,49
1/12/2016 11:33,Odesa,16.39,1:35:22,168,187,49
1/13/2016 10:58,Odesa,16.21,1:35:11,144,157,51
1/14/2016 10:53,Odesa,16.28,1:45:27,145,169,51
1/15/2016 11:32,Odesa,16.34,1:33:54,141,154,51
1/16/2016 10:28,Odesa,15.76,1:32:55,176,198,51
1/21/2016 12:51,Odesa,10.94,1:05:14,147,166,51
1/23/2016 13:20,Odesa,11.84,1:02:51,147,180,51
1/24/2016 14:55,Odesa,12.63,1:10:13,163,183,51
1/25/2016 9:27,Odesa,16.23,1:34:05,143,171,51
2/10/2016 19:31,Togliatti,6.87,0:41:41,147,161,51
2/11/2016 19:43,Togliatti,9.71,0:57:47,158,173,51
2/13/2016 15:42,Togliatti,10.04,0:57:17,151,177,50
2/14/2016 17:31,Togliatti,15.45,1:30:49,151,163,50
2/15/2016 19:31,Togliatti,11.3,1:05:07,156,174,50
2/17/2016 19:27,Togliatti,15.58,1:30:16,125,153,50
2/18/2016 19:46,Togliatti,11.32,1:06:18,152,164,50
2/20/2016 18:25,Togliatti,6.95,0:39:55,176,194,50
2/21/2016 11:44,Togliatti,21.15,2:01:01,126,145,50
2/22/2016 19:45,Togliatti,11.21,1:10:19,125,146,48
3/4/2016 20:55,Togliatti,7.02,0:41:50,157,178,48
3/5/2016 19:29,Togliatti,11.43,1:07:15,135,149,48
3/6/2016 19:40,Togliatti,15.81,1:32:09,154,168,48
3/9/2016 19:35,Togliatti,15.7,1:31:31,154,173,48
3/10/2016 20:13,Togliatti,15.68,1:31:32,130,158,48
3/12/2016 18:19,Togliatti,13.66,1:17:33,147,177,48
3/13/2016 13:11,Togliatti,21.31,2:01:36,163,187,48
3/14/2016 19:41,Togliatti,13.52,1:21:43,152,180,49
3/16/2016 19:18,Togliatti,21.04,2:05:00,146,161,49
3/18/2016 19:49,Togliatti,13.55,1:20:02,149,162,49
3/19/2016 18:30,Togliatti,12.34,1:08:52,146,157,49
3/20/2016 14:29,Togliatti,21.03,2:03:03,143,165,49
3/22/2016 19:36,Togliatti,11.21,1:10:20,168,189,49
3/23/2016 19:22,Togliatti,21.17,2:10:15,150,161,48
3/24/2016 21:01,Togliatti,7.75,0:45:29,169,186,47
3/27/2016 14:09,Togliatti,25.45,2:29:58,167,188,47
3/28/2016 19:37,Togliatti,13.61,1:18:39,141,160,48
3/29/2016 18:55,Togliatti,14.21,1:24:29,160,175,47
3/30/2016 20:20,Togliatti,12.2,1:06:47,147,160,47
4/1/2016 20:20,Togliatti,14.07,1:18:14,146,164,47
4/2/2016 19:08,Togliatti,14.03,1:21:39,147,165,47
4/3/2016 10:09,Togliatti,24.46,2:19:42,152,170,47
4/4/2016 19:31,Togliatti,13.77,1:17:33,169,186,47
4/5/2016 20:49,Togliatti,13.95,1:22:56,150,163,46
4/8/2016 20:17,Togliatti,13.88,1:20:22,154,179,46
4/9/2016 17:48,Togliatti,14.04,1:17:41,153,187,46
4/10/2016 16:04,Togliatti,30.41,2:54:37,157,172,46
4/11/2016 20:54,Togliatti,10.51,1:06:25,144,154,46
4/13/2016 20:17,Togliatti,21.55,1:53:21,160,175,46
4/14/2016 18:21,Togliatti,10.76,1:06:32,153,166,47
4/17/2016 16:28,Togliatti,21.1,1:37:04,148,161,47
4/18/2016 20:30,Togliatti,10.76,1:08:47,148,161,47
4/20/2016 20:18,Togliatti,13.75,1:21:49,148,166,47
4/24/2016 10:00,Togliatti Marathon,42.2,3:28:15,141,155,47
5/7/2016 20:17,Togliatti,15.12,1:19:31,154,175,47
5/9/2016 20:09,Togliatti,11.6,1:06:27,169,191,47
5/13/2016 14:37,Togliatti,12.83,1:11:24,149,171,46
5/16/2016 15:24,Togliatti,15.58,1:21:46,149,164,46
5/30/2016 20:06,Togliatti,14.62,1:23:31,149,164,46
6/17/2016 19:21,Odesa,6.52,0:36:15,154,172,46
6/18/2016 9:04,Odesa,6.48,0:37:08,170,184,45
6/20/2016 20:10,Odesa,6.47,0:34:39,164,182,45
6/21/2016 16:13,Odesa,6.51,0:36:52,158,194,45
6/28/2016 21:04,Togliatti,7.72,0:40:57,170,189,46
6/30/2016 9:25,Togliatti,11.11,0:58:40,151,161,46
7/1/2016 9:13,Togliatti,11.12,1:05:36,155,171,46
7/3/2016 13:39,Togliatti,15.15,1:28:33,157,170,46
7/4/2016 8:05,Togliatti,11.23,1:05:48,156,171,46
7/5/2016 17:01,Togliatti,11.12,1:05:44,163,178,46
7/8/2016 9:06,Togliatti,11.05,1:00:15,166,181,45
7/10/2016 16:35,Togliatti,15.21,1:29:32,157,175,45
7/11/2016 8:19,Togliatti,11.12,1:04:58,167,181,45
7/12/2016 8:58,Togliatti,11.12,1:06:21,144,159,45
7/22/2016 20:05,Togliatti,15.56,1:32:21,139,149,45
7/26/2016 18:16,Togliatti,15.41,1:31:21,152,163,45
8/7/2016 13:13,Togliatti,7.31,0:44:58,156,182,51
8/9/2016 20:06,Togliatti,10.93,1:06:14,159,175,51
8/12/2016 20:06,Togliatti,10.78,1:06:50,159,181,49
8/14/2016 9:00,Togliatti,10.21,1:04:18,160,182,49
8/17/2016 18:23,Togliatti,12.32,1:16:35,156,183,49
8/24/2016 18:23,Togliatti,12.52,1:13:35,157,186,49
9/5/2016 18:33,Togliatti,12.24,1:12:36,170,183,49
9/8/2016 20:24,Togliatti,11.02,1:08:24,164,182,49
9/18/2016 11:56,Togliatti,5.4,0:35:12,165,186,49
9/20/2016 19:44,Togliatti,13.73,1:25:01,147,161,49
9/23/2016 20:03,Togliatti,13.81,1:25:34,159,177,48
10/10/2016 18:23,Togliatti,11.11,1:04:47,155,175,48
10/12/2016 18:15,Togliatti,13.77,1:22:31,158,170,48
10/17/2016 10:51,Odesa,11.25,1:06:12,141,155,48
10/30/2016 18:28,Togliatti,7.59,0:44:04,139,155,48
11/6/2016 15:22,Togliatti,7.6,0:44:51,137,164,48
11/7/2016 10:33,Togliatti,7.44,0:43:58,164,193,48
11/14/2016 19:38,Togliatti,5.57,0:33:23,140,165,48
11/16/2016 20:02,Togliatti,7.39,0:43:58,142,153,48
11/19/2016 18:23,Togliatti,9.27,0:54:23,141,160,48
11/21/2016 18:23,Togliatti,9.35,0:52:24,147,156,48
11/23/2016 18:12,Togliatti,12.12,1:11:20,141,160,48
12/4/2016 13:14,Odesa,6.13,0:32:44,146,163,48
12/5/2016 13:03,Odesa,6.06,0:34:49,157,197,48
12/6/2016 12:09,Odesa,6.01,0:35:09,141,160,48
12/7/2016 11:56,Odesa,6.02,0:34:21,142,159,50
12/8/2016 12:24,Odesa,5.97,0:34:31,139,151,50
12/9/2016 9:58,Odesa,6.03,0:34:41,139,150,50
12/10/2016 14:38,Odesa,6.05,0:34:08,140,149,50
12/12/2016 12:36,Odesa,8.16,0:45:23,149,165,50
12/13/2016 12:16,Odesa,8.09,0:43:41,139,157,48
12/14/2016 12:32,Odesa,8.19,0:44:38,146,177,48
12/15/2016 13:19,Odesa,8.13,0:46:48,163,185,48
12/16/2016 9:39,Odesa,8.19,0:47:59,141,153,47
12/17/2016 17:10,Odesa,8.23,0:48:37,139,151,47
12/19/2016 13:58,Odesa,11.58,1:05:49,139,150,47
12/20/2016 14:41,Odesa,11.58,1:06:56,148,164,46
12/21/2016 15:21,Odesa,11.6,1:09:01,152,164,46
12/22/2016 12:25,Odesa,11.6,1:13:22,163,182,46
12/23/2016 8:25,Odesa,11.58,1:04:46,151,171,45
12/24/2016 13:52,Odesa,11.58,1:07:20,149,173,45
12/26/2016 13:54,Odesa,11.63,1:05:22,141,154,45
12/27/2016 10:54,Odesa,11.64,1:07:10,139,151,45
12/28/2016 13:35,Odesa,11.61,1:09:12,138,157,45
12/29/2016 9:39,Togliatti,11.64,1:12:16,140,160,45
1/4/2017 12:36,Odesa,11.66,1:08:39,148,164,46
1/5/2017 11:45,Odesa,11.66,1:08:58,141,153,46
1/6/2017 10:11,Odesa,11.63,1:12:43,152,169,47
1/7/2017 12:07,Odesa,11.64,1:06:02,143,154,47
1/11/2017 15:19,Odesa,11.69,1:08:31,178,204,47
1/12/2017 9:23,Odesa,11.73,1:07:55,141,152,46
1/13/2017 13:59,Odesa,11.65,1:07:52,153,166,46
1/14/2017 10:15,Odesa ,11.73,1:07:25,144,188,46
1/15/2017 15:02,Odesa ,11.72,1:13:59,143,151,46
1/16/2017 9:28,Odesa ,11.6,1:05:07,180,191,46
1/20/2017 12:46,Odesa ,12.88,1:14:22,148,177,46
1/21/2017 14:33,Odesa ,12.78,1:15:43,141,159,47
1/22/2017 14:22,Odesa ,12.68,1:12:46,163,180,47
1/23/2017 14:21,Odesa ,11.66,1:09:24,141,151,47
1/25/2017 13:51,Odesa ,11.62,1:11:27,144,166,47
2/11/2017 14:13,Odesa ,8.25,0:48:03,171,189,47
2/13/2017 17:02,Odesa ,11.67,1:07:29,147,164,47
2/14/2017 13:11,Odesa ,8.08,0:51:11,143,157,47
2/17/2017 15:00,Odesa ,11.6,1:07:53,142,160,47
2/18/2017 16:38,Odesa ,11.78,1:07:00,143,153,47
2/19/2017 17:23,Odesa ,11.63,1:12:52,142,161,47
2/20/2017 15:02,Odesa ,12.53,1:08:25,142,159,47
2/21/2017 16:02,Odesa ,11.62,1:11:56,143,160,47
2/22/2017 11:13,Odesa ,12.54,1:09:09,142,154,47
2/23/2017 12:18,Odesa ,12.21,1:11:59,144,155,47
2/25/2017 14:43,Odesa ,12.47,1:10:46,159,189,46
2/26/2017 12:10,Odesa ,12.14,1:10:45,176,203,46
2/27/2017 15:17,Odesa ,11.68,1:09:18,159,173,46
3/2/2017 15:03,Odesa ,11.72,1:07:45,153,168,46
3/5/2017 12:06,Odesa ,11.71,1:03:46,159,171,45
3/6/2017 11:34,Odesa ,11.66,1:05:57,162,173,45
3/7/2017 14:38,Odesa ,11.54,1:01:08,163,175,45
3/8/2017 11:24,Odesa ,11.56,1:11:08,143,154,45
3/9/2017 11:19,,12.72,1:12:33,156,174,46
3/10/2017 11:03,,11.88,1:11:41,159,175,46
3/14/2017 22:49,Odesa ,8.1,0:43:43,143,155,46
3/15/2017 16:51,Odesa ,11.53,1:06:00,148,156,46
3/16/2017 14:55,Odesa ,11.62,1:09:09,179,197,46
3/18/2017 13:13,Odesa ,4.96,0:21:11,167,191,46
3/19/2017 12:42,Odesa ,11.56,1:05:38,157,183,47
3/20/2017 15:18,Odesa ,15.74,1:33:07,144,158,47
3/21/2017 15:20,Odesa ,11.47,1:09:00,146,158,47
3/22/2017 15:13,Odesa ,11.6,1:00:35,174,188,47
3/24/2017 11:57,Odesa ,11.71,1:06:46,163,174,47
3/26/2017 13:33,Odesa ,20.01,1:57:03,135,141,47
3/27/2017 15:56,Odesa ,11.58,1:08:07,150,169,49
3/29/2017 16:56,Odesa ,15.8,1:18:05,139,153,49
3/30/2017 14:51,Odesa ,8.1,0:48:42,143,159,49
4/2/2017 11:01,Odesa ,21.22,1:40:01,138,158,49
4/7/2017 13:30,Odesa ,11.56,1:03:52,145,161,49
4/9/2017 15:01,Odesa ,15.75,1:27:39,137,150,49
4/10/2017 14:54,Odesa ,11.58,1:08:17,157,169,49
4/12/2017 19:06,Odesa ,11.5,0:56:00,152,166,52
4/14/2017 9:13,Odesa ,21.75,2:07:12,143,156,52
4/21/2017 16:09,Odesa ,9.16,0:51:37,162,191,52
4/22/2017 15:25,Odesa ,11.61,1:03:58,147,157,52
4/23/2017 10:12,Odesa ,9.19,0:51:55,146,157,52
4/24/2017 14:12,Odesa ,11.93,0:58:21,140,155,52
4/25/2017 11:35,Odesa ,12.14,1:10:49,168,184,49
4/28/2017 16:11,Odesa ,22.17,1:59:20,165,188,50
4/29/2017 11:04,Odesa ,12.04,1:09:50,150,171,52
5/1/2017 13:36,Odesa ,12.12,0:59:56,151,166,52
5/2/2017 10:21,Odesa ,12.1,1:05:20,141,159,52
5/3/2017 16:50,Odesa ,6.81,0:36:57,151,165,52
5/5/2017 17:03,Odesa ,26.12,2:28:20,151,161,52
5/6/2017 8:59,Runday,5.01,0:20:58,149,167,51
5/8/2017 17:20,Odesa ,11.95,1:09:33,154,169,51
5/9/2017 18:33,Odesa ,12.18,0:58:32,140,152,51
5/10/2017 17:56,Odesa ,20.12,1:50:02,159,176,51
5/12/2017 12:36,Odesa ,30.84,2:50:50,157,179,51
5/13/2017 17:19,Odesa ,12.04,1:11:19,149,168,51
5/15/2017 16:05,Odesa ,12.01,0:58:27,144,163,51
5/16/2017 17:14,Odesa ,16.15,1:26:51,143,156,51
5/17/2017 7:33,Odesa ,21.12,1:53:22,140,155,51
5/18/2017 7:28,Odesa ,12.11,1:10:46,160,181,51
5/20/2017 9:01,Odesa ,5,0:19:45,150,174,50
5/22/2017 19:04,Odesa ,12.04,1:10:39,143,164,50
5/25/2017 17:16,Odesa ,15.79,1:25:40,161,179,50
5/27/2017 8:59,Odesa ,5,0:25:36,154,166,49
5/29/2017 18:00,Odesa ,12.11,1:07:39,159,180,49
5/30/2017 10:06,Odesa ,15.78,1:25:16,142,161,49
5/31/2017 18:30,Alexandrovka 20k,20,1:55:00,158,183,49
6/1/2017 16:39,Odesa ,7.1,0:33:34,162,184,51
6/2/2017 19:00,Odesa ,1.95,0:12:43,140,161,51
6/2/2017 19:23,Odesa ,10.01,0:40:11,145,169,51
6/3/2017 10:42,Runday,5,0:23:50,137,158,51
6/8/2017 17:16,Odesa ,10.96,1:03:39,159,168,51
6/9/2017 15:43,Odesa ,26.12,2:18:43,152,166,51
6/10/2017 9:00,Odesa ,5,0:23:32,152,178,51
6/11/2017 10:42,Odesa ,12.58,1:14:15,150,167,51
6/12/2017 16:42,Odesa ,11.59,0:54:38,150,167,50
6/14/2017 14:05,Odesa ,21.1,1:50:55,162,180,50
6/16/2017 18:29,Odesa ,30.34,2:42:48,157,181,50
6/18/2017 15:44,Odesa ,12.11,1:11:26,155,175,50
6/19/2017 20:10,Odesa ,12.09,0:53:02,161,177,49
6/21/2017 18:35,Odesa ,15.81,1:24:24,140,153,49
6/22/2017 17:56,Odesa ,18.51,1:45:15,158,178,48
6/24/2017 9:12,Odesa ,5.07,0:27:22,156,175,48
6/25/2017 8:02,Odessa Half,21.11,1:31:21,167,182,48
6/27/2017 15:01,Odesa ,10.83,1:02:35,172,186,48
6/28/2017 10:23,Odesa ,10.66,1:02:21,152,175,48
7/2/2017 6:36,Odesa ,2.24,0:11:05,152,167,48
7/7/2017 7:27,Odesa ,10.56,1:00:39,136,149,48
7/8/2017 9:01,Odesa ,5.01,0:22:04,135,151,48
7/10/2017 12:08,Odesa ,10.75,0:53:18,155,184,48
7/12/2017 18:46,Odesa ,15.82,1:23:12,149,175,48
7/14/2017 16:50,Odesa ,15.86,1:25:16,149,167,48
7/15/2017 9:03,Odesa ,5,0:23:01,175,194,48
7/16/2017 5:15,Odesa ,12.26,1:12:18,158,178,48
7/17/2017 19:23,Odesa ,15.82,1:18:45,152,175,48
7/18/2017 5:15,Odesa ,12.1,1:10:03,143,163,48
7/20/2017 5:15,Odesa ,11.58,1:09:24,134,149,48
7/22/2017 9:04,Odesa ,5.02,0:22:49,137,174,48
7/23/2017 14:34,Odesa ,10.41,0:56:16,145,156,48
8/1/2017 17:41,Odesa ,1.56,0:12:50,151,184,48
8/3/2017 17:42,Odesa ,1.1,0:07:54,148,163,49
8/5/2017 18:01,Odesa ,8.21,0:47:57,148,169,49
8/6/2017 18:07,Odesa ,10.93,0:57:43,155,180,49
8/7/2017 7:51,Odesa ,1.12,0:07:43,139,156,49
8/8/2017 18:53,Odesa ,10.12,0:49:35,150,162,48
8/9/2017 11:49,Odesa ,11.81,0:57:35,138,154,48
8/10/2017 19:45,Odesa ,11.82,1:03:04,148,165,48
8/11/2017 14:57,Odesa ,12.11,1:01:21,137,150,48
8/12/2017 8:43,Odesa ,5.03,0:21:46,154,165,49
8/13/2017 17:09,Odesa ,10.87,0:58:32,156,182,49
8/15/2017 18:43,Odesa ,11.72,0:59:32,147,165,49
8/16/2017 10:25,Odesa ,10.81,0:57:20,162,179,49
8/17/2017 19:06,Odesa ,11.89,1:02:52,143,155,51
8/23/2017 17:03,Odesa ,15.21,1:20:55,148,172,51
8/25/2017 12:46,Odesa ,16.01,1:24:10,156,177,51
8/27/2017 17:35,Moscow,16.48,1:25:15,144,169,51
8/29/2017 17:09,Moscow,16.58,1:20:56,159,178,51
10/24/2017 16:58,Yamal,5.05,0:28:58,149,175,51
10/26/2017 18:19,Yamal,5.94,0:36:07,134,149,51
11/2/2017 16:07,Yamal,8.14,0:46:04,155,176,51
11/4/2017 10:55,Yamal,5.01,0:24:25,141,160,51
11/6/2017 16:43,Yamal,11.29,1:02:22,142,173,51
11/8/2017 16:21,Yamal,11.43,1:06:15,167,190,51
11/9/2017 11:51,Yamal,11.47,1:05:16,154,176,51
11/11/2017 10:00,Yamal,5.01,0:23:07,149,167,50
11/16/2017 15:06,,10.26,0:54:44,162,190,50
11/17/2017 15:50,,10.27,0:56:36,143,164,50
11/20/2017 15:44,,10.84,0:57:45,141,166,50
11/23/2017 16:07,,5.75,0:27:12,138,167,51
11/26/2017 17:35,,11.1,0:57:57,146,163,51
11/28/2017 17:31,,11.21,1:02:03,134,150,51
11/29/2017 17:07,,11.1,1:01:18,148,182,51
12/1/2017 17:32,,11.11,1:00:11,160,183,51
12/9/2017 18:05,,5.84,0:30:12,156,179,51
12/15/2017 5:53,,11.21,1:03:03,147,169,54
12/17/2017 14:48,Yamal,11.38,0:59:53,157,172,54
12/21/2017 21:24,Yamal,11.6,1:03:11,137,152,54
12/23/2017 10:42,Yamal,11.63,0:59:52,140,172,54
12/25/2017 16:25,Yamal,11.63,1:00:19,131,153,54
12/26/2017 11:40,Yamal,11.55,0:56:16,143,164,54
12/28/2017 16:53,Yamal,11.56,1:04:56,129,159,52
1/1/2018 12:03,Odesa,15.05,1:18:44,140,173,52
1/3/2018 10:29,Odesa,11.63,1:04:11,153,176,52
1/15/2018 15:52,Yamal,11.18,1:05:18,139,154,52
1/17/2018 16:57,Yamal,6.04,0:30:02,160,182,52
1/20/2018 16:21,Yamal,7.44,0:37:26,139,156,53
1/22/2018 16:14,Yamal,10.13,0:55:53,140,161,53
1/31/2018 16:57,Yamal,5.82,0:33:10,154,177,53
2/4/2018 15:49,Yamal,10.06,0:54:10,144,162,53
2/20/2018 14:49,Odesa,5.9,0:35:22,172,194,53
2/23/2018 17:15,Poscot ,7.9,0:47:00,126,141,53
2/24/2018 18:15,Poscot ,7.9,0:47:00,131,158,53
2/25/2018 10:00,Poscot,11.5,1:09:00,142,155,53
3/2/2018 20:29,Poscot,7.9,0:47:00,169,194,53
3/3/2018 14:49,Poscot,11.5,1:09:00,165,190,53
3/4/2018 14:15,Poscot,5.9,0:35:00,143,165,53
3/5/2018 14:16,Poscot,11.5,1:09:00,137,153,52
3/6/2018 15:27,poscot,11.5,1:09:00,160,190,52
3/8/2018 19:25,poscot,11.5,1:09:00,170,184,52
3/16/2018 20:48,Odesa,8.13,0:42:34,156,182,51
3/17/2018 12:23,Odesa,11.4,1:03:24,159,175,51
3/19/2018 11:37,Odesa,11.46,1:04:28,159,181,49
3/21/2018 14:03,Odesa,11.46,1:05:37,160,182,49
3/22/2018 12:02,Odesa,11.49,1:04:22,156,183,49
3/24/2018 9:37,Odesa,11.5,1:07:03,157,186,49
3/29/2018 11:48,Yamal,8.29,0:42:50,170,183,49
3/31/2018 15:45,Yamal,10.34,0:56:10,164,182,49
4/2/2018 15:52,Yamal,10.94,1:00:42,165,186,49
4/3/2018 16:13,Yamal,5.74,0:29:09,147,161,49
4/5/2018 16:17,Yamal,5.61,0:31:58,159,177,48
4/11/2018 16:40,Yamal'skiy rayon ,5.75,0:33:21,155,175,48
4/14/2018 2:42,Yamal'skiy rayon ,11.06,1:08:35,158,170,48
4/18/2018 8:55,Odesa ,8.1,0:49:13,141,155,48
4/19/2018 10:24,Odesa ,12.06,1:15:16,139,155,48
4/20/2018 17:15,Odesa ,1.61,0:08:50,137,164,48
4/21/2018 8:59,Odesa ,5.01,0:22:27,164,193,48
4/22/2018 18:42,Odesa ,11.58,1:12:34,140,165,48
4/23/2018 7:22,Odesa ,5.5,0:35:53,142,153,48
4/25/2018 13:23,Odesa ,11.54,1:11:19,141,160,48
5/1/2018 12:37,Brovarskyi raion ,12.02,1:21:27,147,156,48
5/2/2018 18:47,Odesa ,11.56,1:14:33,141,160,48
5/4/2018 10:19,Odesa ,11.56,1:19:12,146,163,48
5/5/2018 9:06,Odesa Runday,5.03,0:20:47,157,197,48
5/6/2018 10:27,Odesa ,11.57,1:17:19,141,160,48
5/7/2018 6:59,Odesa ,5.99,0:39:23,142,159,50
5/8/2018 12:13,Odesa ,15.67,1:38:05,139,151,50
5/9/2018 11:13,Odesa ,11.93,1:13:43,139,150,50
5/11/2018 19:24,Odesa ,11.94,1:09:04,140,149,50
5/12/2018 9:00,Odesa ,5.02,0:20:34,149,165,50
5/15/2018 19:11,Yamal'skiy rayon ,8.44,0:54:27,139,157,48
5/17/2018 19:16,Yamal'skiy rayon ,8.37,0:56:00,146,177,48
5/19/2018 19:16,Yamal'skiy rayon ,8.31,0:54:11,163,185,48
5/21/2018 19:17,Yamal'skiy rayon ,8.5,0:56:35,141,153,47
5/22/2018 19:21,Yamal'skiy rayon ,8.67,0:57:26,139,151,47
5/24/2018 19:42,Yamal'skiy rayon ,8.93,0:56:16,139,150,47
5/26/2018 19:26,Yamal'skiy rayon ,3.71,0:24:28,148,164,46
5/30/2018 19:18,Yamal'skiy rayon ,8.69,0:56:15,152,164,46
6/1/2018 19:22,Yamal'skiy rayon ,9.01,0:59:46,163,182,46
6/4/2018 19:20,Yamal'skiy rayon ,7.18,0:49:06,151,171,45
6/6/2018 19:17,Yamal'skiy rayon ,9.03,1:00:54,149,173,45
6/8/2018 19:21,Yamal'skiy rayon ,12.27,1:22:53,141,154,45
6/10/2018 19:17,Yamal'skiy rayon ,12.33,1:20:28,139,151,45
6/12/2018 19:17,Yamal'skiy rayon ,12.69,1:25:26,138,157,45
6/14/2018 19:20,Yamal'skiy rayon ,10.09,1:06:37,140,160,45
6/16/2018 19:03,Yamal'skiy rayon ,11.02,1:08:50,148,164,46
6/20/2018 20:04,Odesa ,10.9,1:08:59,141,153,46
6/21/2018 16:26,Odesa ,7.16,0:40:53,152,169,47
6/21/2018 17:35,Odesa ,5.05,0:32:42,143,154,47
6/23/2018 9:05,Odesa ,5.02,0:20:49,178,204,47
6/25/2018 22:15,Odesa ,8.18,0:56:02,141,152,46
7/7/2018 9:00,Odesa ,5.03,0:23:05,153,166,46
7/18/2018 19:16,Yamal'skiy rayon ,8.84,0:58:06,144,188,46
7/19/2018 19:31,Yamal'skiy rayon ,6.06,0:40:04,143,151,46
7/20/2018 19:32,Yamal'skiy rayon ,6.02,0:26:24,180,191,46
7/21/2018 18:39,Yamal'skiy rayon ,8.91,0:56:57,148,177,46
7/22/2018 18:28,Yamal'skiy rayon ,7.4,0:49:42,141,159,47
7/24/2018 18:30,Yamal'skiy rayon ,8.87,0:59:43,163,180,47
7/25/2018 18:27,Yamal'skiy rayon ,10.42,1:05:06,141,151,47
7/26/2018 18:25,Yamal'skiy rayon ,7.66,0:49:55,144,166,47
7/27/2018 19:10,Yamal'skiy rayon ,6,0:26:05,171,189,47
7/29/2018 18:33,Yamal'skiy rayon ,10.13,1:06:26,147,164,47
7/30/2018 18:25,Yamal'skiy rayon ,10.3,1:05:07,143,157,47
7/31/2018 18:28,Yamal'skiy rayon ,10.47,1:05:33,142,160,47
8/3/2018 19:15,Yamal'skiy rayon ,10.34,1:05:22,143,153,47
8/4/2018 19:17,Yamal'skiy rayon ,10.49,1:07:00,142,161,47
8/7/2018 18:23,Yamal'skiy rayon ,8.93,0:57:18,142,159,47
8/7/2018 19:21,Yamal'skiy rayon ,1.37,0:08:53,143,160,47
8/8/2018 18:22,Yamal'skiy rayon ,10.29,1:07:25,142,154,47
8/11/2018 19:17,Yamal'skiy rayon ,10.25,1:07:52,144,155,47
8/14/2018 18:26,Yamal'skiy rayon ,12.33,1:17:44,159,189,46
8/18/2018 8:59,Odesa ,5.01,0:20:32,176,203,46
8/19/2018 9:36,Odesa ,5.07,0:31:10,159,173,46
8/19/2018 10:30,Odesa ,5.17,0:34:25,153,168,46
8/20/2018 8:41,Odesa ,15.17,1:36:00,159,171,45
8/22/2018 9:30,Odesa ,15.22,1:35:25,162,173,45
8/25/2018 13:23,Odesa ,15.15,1:34:43,163,175,45
8/26/2018 19:12,Odesa ,15.42,1:32:54,143,154,45
8/27/2018 10:29,Odesa ,5.12,0:31:41,156,174,46
8/27/2018 11:24,Odesa ,5.12,0:34:02,159,175,46
8/29/2018 17:59,Odesa ,17.09,1:44:58,143,155,46
9/1/2018 8:42,Odesa ,1.6,0:10:51,148,156,46
9/1/2018 9:09,Odesa ,5.01,0:21:15,179,197,46
9/8/2018 9:04,Odesa ,5,0:23:56,167,191,46
9/12/2018 9:43,Odesa ,12.08,1:03:49,157,183,47
9/14/2018 13:56,Moscow ,17.01,1:37:25,144,158,47
9/15/2018 19:18,Yamal'skiy rayon ,10.46,1:08:55,146,158,47
9/19/2018 19:22,Yamal'skiy rayon ,10.59,0:51:15,174,188,47
9/20/2018 19:18,Yamal'skiy rayon ,12.32,1:05:56,163,174,47
9/23/2018 19:18,Yamal'skiy rayon ,10.47,1:08:14,135,141,47
10/1/2018 19:21,Yamal'skiy rayon ,8.92,0:42:31,150,169,49
10/4/2018 19:15,Yamal'skiy rayon ,10.51,1:04:30,139,153,49
10/5/2018 19:17,Yamal'skiy rayon ,10.58,1:01:22,143,159,49
10/6/2018 19:21,Yamal'skiy rayon ,10.57,1:04:59,138,158,49
10/9/2018 19:22,Yamal'skiy rayon ,12.58,1:17:00,145,161,49
10/10/2018 19:19,Yamal'skiy rayon ,10.61,1:05:48,137,150,49
10/13/2018 19:53,Yamal'skiy rayon ,10.55,0:55:45,157,169,49
10/18/2018 5:11,Odesa ,11.15,0:59:51,152,166,52
10/19/2018 9:05,Odesa ,12.42,1:09:26,143,156,52
10/20/2018 9:04,Odesa ,5.02,0:21:00,162,191,52
10/21/2018 16:56,Odesa ,12.38,1:05:32,147,157,52
10/23/2018 9:56,Odesa ,15.16,1:23:46,146,157,52
10/24/2018 14:44,Odesa ,15.22,1:30:20,140,155,52
10/31/2018 9:28,Yaremche ,12.02,1:35:49,168,184,49
11/1/2018 13:28,Yaremche ,24.17,3:28:10,165,188,50
11/10/2018 10:04,Odesa ,5.01,0:24:22,150,171,52
11/11/2018 8:56,Odesa ,12.47,1:06:50,151,166,52
11/15/2018 19:20,Yamal'skiy rayon ,12.95,1:14:36,141,159,52
11/16/2018 19:23,Yamal'skiy rayon ,13.02,1:12:20,151,165,52
11/18/2018 19:21,Yamal'skiy rayon ,13.01,1:10:06,151,161,52
11/19/2018 19:17,Yamal'skiy rayon ,10.1,1:00:42,149,167,51
11/22/2018 19:23,Yamal'skiy rayon ,12.92,1:08:57,154,169,51
11/24/2018 19:24,Yamal'skiy rayon ,13.13,1:17:41,140,152,51
11/25/2018 19:19,Yamal'skiy rayon ,13.02,1:07:33,159,176,51
12/3/2018 19:23,Yamal'skiy rayon ,10.24,0:54:15,157,179,51
12/4/2018 19:08,Yamal'skiy rayon ,15.35,1:26:50,149,168,51
12/5/2018 19:19,Yamal'skiy rayon ,13.22,1:20:06,144,163,51
12/6/2018 19:21,Yamal'skiy rayon ,13.06,1:16:46,143,156,51
12/8/2018 19:14,Yamal'skiy rayon ,15.2,1:30:38,140,155,51
12/9/2018 19:13,Yamal'skiy rayon ,15.21,1:31:17,160,181,51
12/10/2018 19:10,Yamal'skiy rayon ,15.24,1:33:11,150,174,50
12/12/2018 19:11,Yamal'skiy rayon ,15.12,1:28:48,143,164,50
12/15/2018 8:44,Yam-med ,22.69,2:14:26,161,179,50
12/17/2018 9:27,Odesa ,12.54,1:03:52,154,166,49
12/20/2018 9:56,Odesa ,15.14,1:19:32,159,180,49
12/21/2018 9:11,Odesa ,15.17,1:29:13,142,161,49
12/23/2018 14:03,Odesa ,23.27,2:08:12,158,183,49
12/24/2018 10:54,Odesa ,12.51,1:15:04,162,184,51
12/26/2018 10:29,Odesa ,16.1,1:33:37,140,161,51
12/27/2018 11:30,Odesa ,16.16,1:25:20,145,169,51
12/28/2018 16:09,Odesa ,16.03,1:35:00,137,158,51
12/29/2018 10:12,Odesa ,5.01,0:28:16,159,168,51
1/4/2019 11:11,Odesa ,12.59,1:13:29,152,166,51
1/5/2019 10:03,Odesa ,5.01,0:21:52,152,178,51
1/6/2019 9:45,Sunday,12.53,1:15:30,150,167,51
1/7/2019 7:47,Odesa ,16.01,1:39:11,150,167,50
1/11/2019 14:12,Odesa ,16.08,1:19:14,162,180,50
1/12/2019 10:07,Odesa ,5.02,0:23:40,157,181,50
1/13/2019 14:59,Odesa ,20.18,1:56:59,155,175,50
1/15/2019 16:04,Domodedovo ,11.15,0:59:44,161,177,49
1/16/2019 19:18,Yamal'skiy rayon ,10.21,1:00:27,140,153,49
1/18/2019 19:20,Yamal'skiy rayon ,17.45,1:36:59,158,178,48
1/26/2019 19:19,Yamal'skiy rayon ,21.25,2:00:16,156,175,48
2/3/2019 19:20,Yamal'skiy rayon ,10.09,0:51:14,167,182,48
2/12/2019 15:58,Domodedovo ,15.23,1:14:34,172,186,48
2/14/2019 20:09,Odesa ,12.5,1:13:49,152,175,48
2/17/2019 13:12,Odesa ,8.05,0:46:49,152,167,48
2/20/2019 14:34,Odesa ,12.61,1:19:13,136,149,48
2/21/2019 10:42,Odesa ,12.68,1:19:08,135,151,48
2/23/2019 10:05,Odesa ,5.01,0:22:52,155,184,48
2/24/2019 12:37,Odesa ,12.6,1:16:14,149,175,48
2/27/2019 18:11,Odesa ,12.38,1:11:20,149,167,48
3/2/2019 10:02,Odesa,5.02,0:21:04,175,194,48
3/4/2019 19:01,Odesa,8.17,0:49:12,158,178,48
3/5/2019 9:59,Odesa,8.12,0:47:40,152,175,48
3/6/2019 11:04,Odesa,8.17,0:47:31,143,163,48
3/7/2019 10:18,Odesa,10.22,1:00:07,134,149,48
3/8/2019 13:34,Biliaivskyi raion,5.25,0:34:32,137,174,48
3/8/2019 14:10,Biliaivskyi raion,2.77,0:15:42,145,156,48
3/9/2019 11:48,Biliaivskyi raion,7.08,0:47:13,151,184,48
3/11/2019 9:33,Odesa,15.19,1:31:33,148,163,49
3/12/2019 14:29,Odesa,12.53,1:12:31,148,169,49
3/15/2019 19:16,Yamal'skiy rayon,10.65,0:57:01,155,180,49
3/16/2019 19:17,Yamal'skiy rayon,9.91,1:01:33,139,156,49
3/17/2019 19:13,Yamal'skiy rayon,10.22,0:58:06,150,162,48
3/19/2019 19:08,Yamal'skiy rayon,10.32,1:03:10,138,154,48
3/21/2019 19:17,Yamal'skiy rayon ,10.26,1:01:02,148,165,48
3/23/2019 19:12,Yamal'skiy rayon ,10.19,1:05:03,137,150,48
3/25/2019 19:09,Yamal'skiy rayon ,12.47,1:08:09,154,165,49
3/27/2019 19:14,Yamal'skiy rayon ,12.36,1:19:33,156,182,49
3/29/2019 10:02,Yamal'skiy rayon ,15.86,1:42:06,147,165,49
3/31/2019 11:31,Odesa ,15.2,1:14:52,162,179,49
4/1/2019 9:33,Odesa ,10.24,1:01:18,143,155,51
4/3/2019 8:53,Odesa ,18.15,1:34:20,148,172,51
4/4/2019 10:45,Odesa ,13.25,1:19:47,156,177,51
4/5/2019 9:36,Odesa ,12.2,1:12:20,144,169,51
4/6/2019 9:06,Odesa ,5.01,0:20:43,159,178,51
4/7/2019 13:21,Odesa ,21.33,2:05:22,149,175,51
4/8/2019 9:10,Odesa ,12.24,1:17:45,134,149,51
4/10/2019 9:43,Odesa ,21.14,1:52:21,155,176,51
4/11/2019 10:56,Odesa ,12.45,1:12:41,141,160,51
4/12/2019 19:34,Odesa ,15.75,1:35:59,142,173,51
4/13/2019 9:07,Odesa ,5.02,0:23:41,167,190,51
4/14/2019 11:29,Odesa ,24.27,2:10:14,154,176,51
4/15/2019 9:14,Odesa ,12.52,1:13:30,149,167,50
4/18/2019 13:38,Brasov ,23.35,1:57:21,162,190,50
4/20/2019 12:38,Odesa ,17.82,1:46:04,143,164,50
4/21/2019 14:40,Biliaivskyi raion ,16.31,1:37:46,141,166,50
4/22/2019 12:53,Odesa ,12.46,1:16:48,138,167,51
4/24/2019 10:03,Odesa ,27.46,2:34:48,146,163,51
4/25/2019 8:28,Odesa ,12.43,1:17:34,134,150,51
4/26/2019 13:59,Odesa ,16.96,1:34:03,148,182,51
4/27/2019 9:06,Odesa ,2.16,0:08:40,160,183,51
4/28/2019 18:07,Odesa ,28.61,2:42:23,156,179,51
4/29/2019 13:39,Odesa ,12.53,1:25:43,147,169,54
5/1/2019 11:19,Odesa ,30.11,3:09:42,157,172,54
5/2/2019 10:48,Odesa ,12.45,1:15:33,137,152,54
5/3/2019 14:20,Odesa ,15.22,1:25:37,140,172,54
5/4/2019 9:02,Odesa ,5.01,0:31:10,131,153,54
5/5/2019 14:18,Odesa ,30.37,2:51:21,143,164,54
5/6/2019 15:00,Odesa ,8.09,0:53:40,129,159,52
5/8/2019 13:04,Odesa ,12.5,1:19:03,140,173,52
5/10/2019 14:30,Odesa ,14.49,1:20:36,153,176,52
5/11/2019 9:08,Odesa ,5.01,0:29:28,139,154,52
5/12/2019 12:01,Odesa ,32.12,3:01:45,160,182,52
5/13/2019 9:23,Odesa ,12.38,1:21:46,139,156,53
5/16/2019 18:58,Odesa ,12.45,1:10:50,140,161,53
5/17/2019 13:37,Odesa ,16.99,1:34:50,154,177,53
5/18/2019 9:06,Odesa ,5.05,0:29:53,144,162,53
5/19/2019 10:46,Odesa ,21.1,1:33:30,172,194,53
5/20/2019 18:03,Odesa ,12.41,1:16:55,126,141,53
5/22/2019 10:10,Odesa ,15.93,1:35:57,131,158,53
5/23/2019 13:50,Odesa ,8.1,0:43:43,142,155,53
5/26/2019 8:40,Brasov Marathon,42.2,3:23:41,169,194,53
6/1/2019 9:01,Odesa ,5.01,0:21:14,165,190,53
6/2/2019 12:08,Odesa ,5.66,0:31:27,143,165,53
6/4/2019 14:19,Odesa ,7.62,0:44:39,137,153,52
6/5/2019 11:01,Odesa ,12.14,1:07:32,160,190,52
6/8/2019 9:06,Odesa ,5,0:22:28,170,184,52
6/10/2019 18:20,Odesa ,7.32,0:40:48,147,160,52
6/11/2019 11:23,Odesa ,11.21,1:02:40,155,175,52
6/13/2019 9:49,Odesa ,3.5,0:20:41,137,147,52
6/14/2019 8:38,Odesa ,14.84,1:24:19,151,178,52
6/15/2019 9:06,Odesa ,5.06,0:27:12,152,162,51
6/19/2019 10:21,Odesa ,11.32,0:58:42,168,186,51
6/20/2019 12:22,Odesa ,11.36,1:03:35,144,167,51
6/21/2019 10:43,Odesa ,14.89,1:19:52,165,180,51
6/22/2019 9:03,Odesa ,5.02,0:26:47,158,170,50
6/25/2019 15:48,Odesa ,21.13,1:38:58,174,191,50
6/28/2019 11:47,Tysmenytskyi raion ,10.37,1:00:00,153,165,50
6/28/2019 12:48,Tysmenytskyi raion ,7.91,0:45:20,151,170,50
7/3/2019 16:29,Brovarskyi raion ,10.8,1:02:31,148,173,50
7/8/2019 19:50,Odesa ,12.54,1:01:35,161,188,51
7/9/2019 19:33,Odesa ,12.4,1:11:28,144,156,51
7/11/2019 18:21,Odesa ,12.82,1:14:36,144,156,51
7/20/2019 19:06,Odesa ,10.01,0:59:17,141,159,51
7/21/2019 16:19,Odesa ,10.06,1:03:10,145,166,50
7/23/2019 13:55,Odesa ,10.03,1:02:30,153,173,50
7/24/2019 10:57,Odesa ,10.1,1:03:57,148,177,50
7/27/2019 9:06,Odesa ,5.01,0:24:15,168,197,50
7/31/2019 9:46,Odesa ,12.52,1:17:48,157,176,51
8/2/2019 18:37,Odesa ,12.45,1:17:22,133,150,51
8/3/2019 9:04,Odesa ,5.06,0:28:31,147,164,51
8/4/2019 11:11,Odesa ,15.09,1:28:14,145,162,50
8/6/2019 18:37,Odesa ,15.93,1:37:09,145,163,50
8/8/2019 9:56,Odesa ,5.24,0:24:19,164,183,50
8/9/2019 12:56,Odesa ,15.28,1:25:09,157,191,50
8/10/2019 9:12,Odesa ,5.01,0:22:53,166,183,50
8/12/2019 14:33,Odesa ,15.19,1:29:40,162,185,50
8/13/2019 11:39,Odesa ,15.24,1:25:27,156,174,50
8/14/2019 9:05,Odesa ,15.28,1:26:24,155,172,50
8/20/2019 19:05,Odesa ,12.49,1:14:32,138,154,49
8/22/2019 11:59,Odesa ,2.3,0:12:50,161,187,49
8/25/2019 9:34,Moldavianu ,4.9,2:15:51,133,182,49
8/26/2019 15:46,Arefu ,1.94,0:23:21,135,189,49
8/29/2019 12:49,Odesa ,12.5,1:19:32,140,155,49
8/31/2019 9:03,Odesa ,5.01,0:24:28,168,187,49
9/2/2019 15:50,Odesa ,10.11,1:02:41,144,157,51
9/4/2019 20:49,Odesa ,12.98,1:10:42,145,169,51
9/5/2019 14:03,Odesa ,15.27,1:28:56,141,154,51
9/7/2019 9:02,Odesa ,5.01,0:20:05,176,198,51
9/8/2019 14:08,Odesa ,12.55,1:15:31,147,166,51
9/10/2019 18:08,Odesa ,15.01,1:34:31,147,180,51
9/12/2019 8:58,Odesa ,5.44,0:25:39,163,183,51
9/14/2019 19:49,Odesa ,15.24,1:30:47,143,171,51
9/16/2019 18:56,Odesa ,11.3,1:06:18,147,161,51
9/19/2019 13:22,Odesa ,16.11,1:25:50,158,173,51
9/23/2019 6:10,Odesa ,2.23,0:16:49,151,177,50
9/24/2019 6:10,Odesa ,2.44,0:19:19,151,163,50
9/25/2019 6:07,Odesa ,2.19,0:17:07,156,174,50
9/26/2019 6:07,Odesa ,2.12,0:17:06,125,153,50
9/26/2019 11:21,Odesa ,10.03,0:56:48,152,164,50
9/28/2019 9:02,Odesa ,5.01,0:21:43,176,194,50
9/29/2019 6:13,Odesa ,2,0:15:37,126,145,50
9/30/2019 6:09,Odesa ,2.33,0:18:49,125,146,48
9/30/2019 13:23,Odesa ,12.46,1:12:18,157,178,48
10/1/2019 6:13,Odesa ,2.19,0:16:54,135,149,48
10/2/2019 6:13,Odesa ,2.37,0:18:31,154,168,48
10/2/2019 10:20,Odesa ,12.32,1:09:28,154,173,48
10/3/2019 6:11,Odesa ,2.33,0:17:53,130,158,48
10/4/2019 6:41,Odesa ,2.35,0:18:19,147,177,48
10/5/2019 8:59,Odesa ,5.01,0:21:15,163,187,48
10/7/2019 6:13,Odesa ,2.4,0:18:22,152,180,49
10/7/2019 15:47,Odesa ,10.13,0:55:41,146,161,49
10/8/2019 17:51,Odesa ,12.56,1:13:58,149,162,49
10/16/2019 15:29,Odesa ,8.19,0:51:03,146,157,49
10/17/2019 15:39,Odesa ,10.09,1:00:02,143,165,49
10/19/2019 9:00,Odesa ,5.01,0:22:58,168,189,49
10/19/2019 10:44,Odesa ,2.4,0:15:03,150,161,48
11/2/2019 10:00,Odesa ,5.01,0:26:53,169,186,47
11/9/2019 10:02,Odesa ,5.01,0:26:29,167,188,47
11/12/2019 15:50,Odesa ,6.1,0:36:42,141,160,48
11/18/2019 13:39,Odesa ,6.07,0:36:39,160,175,47
11/19/2019 15:32,Odesa ,5.98,0:38:47,147,160,47
11/20/2019 15:11,Odesa ,6.01,0:37:52,146,164,47
11/21/2019 15:26,Odesa ,5.96,0:35:58,147,165,47
11/22/2019 13:29,Odesa ,6.07,0:34:18,152,170,47
11/23/2019 10:04,Odesa ,5.01,0:24:17,169,186,47
11/25/2019 13:33,Odesa ,6.01,0:35:21,150,163,46
11/26/2019 13:30,Odesa ,6.05,0:35:47,154,179,46
11/27/2019 13:28,Odesa ,6.03,0:35:23,153,187,46
11/28/2019 11:18,Odesa ,6.33,0:38:47,157,172,46
11/29/2019 13:33,Odesa ,6.07,0:37:22,144,154,46
11/30/2019 10:01,Odesa ,5.03,0:27:03,160,175,46
12/2/2019 13:35,Odesa ,5.91,0:33:54,153,166,47
12/6/2019 10:00,Run,5,0:27:40,153,166,47
12/6/2019 13:34,Odesa ,8.2,0:49:58,148,161,47
12/10/2019 9:26,Odesa ,6.05,0:35:02,148,166,47
12/11/2019 13:34,Odesa ,6.18,0:35:03,141,155,47
12/12/2019 15:11,Odesa ,6.07,0:34:30,154,175,47
12/13/2019 15:57,Odesa ,6.3,0:30:35,169,191,47
12/16/2019 19:01,Odesa ,6.1,0:35:54,149,171,46
12/17/2019 13:35,Odesa ,6.04,0:33:52,149,164,46
12/18/2019 18:12,Odesa ,5.96,0:35:16,149,164,46
12/19/2019 10:46,Odesa ,9.45,0:56:43,154,172,46
12/21/2019 10:02,Odesa ,5.03,0:25:48,170,184,45
12/25/2019 19:14,Odesa ,8.24,0:48:47,164,182,45
12/28/2019 10:10,Odesa ,5,0:27:07,158,194,45
12/30/2019 17:20,Odesa ,8.15,0:42:49,170,189,46
12/31/2019 16:36,Odesa ,8.21,0:48:04,151,161,46
1/1/2020 17:57,Odesa ,8.35,0:46:37,155,171,46
1/2/2020 11:32,Odesa ,8.23,0:46:19,157,170,46
1/3/2020 14:36,Odesa ,8.64,0:47:51,156,171,46
1/4/2020 10:06,Odesa ,5.01,0:25:13,163,178,46
1/6/2020 14:12,Odesa ,8.22,0:44:46,166,181,45
1/7/2020 14:12,Odesa ,8.24,0:46:23,157,175,45
1/8/2020 14:14,Odesa ,8.25,0:47:23,167,181,45
1/9/2020 8:34,Odesa ,8.14,0:50:52,144,159,45
1/10/2020 13:34,Odesa ,8.26,0:52:30,139,149,45
1/13/2020 13:20,Odesa ,8.19,0:50:39,152,163,45
